,variable,time,type,JM_value,JM_value-slope,JM_cumulative,cox-Landmark,cox-Postsurgical
1,AUC,12,training,0.835864713796407,0.844137091527124,0.856348646774007,0.727746844570478,0.771675536897323
2,AUC,12,testing,0.75790619041081,0.764175146888012,0.786411614351682,0.562330100139579,0.647058599727512
3,AUC,15,training,0.792747317913449,0.782545345327673,0.785341727240418,0.657363901765042,0.752439287051081
4,AUC,15,testing,0.777216668973408,0.781544767100965,0.783222891494333,0.553090053737575,0.684019261501382
5,PE,12,training,0.121214096325523,0.109048361400122,0.110244189154737,0.116502799481611,0.161705806277487
6,PE,12,testing,0.135823264808587,0.14145098384548,0.132604988558389,0.22079900265199,0.162737474469545
7,PE,15,training,0.171673019372634,0.164360985358663,0.162958797576186,0.160543082996322,0.194463086965225
8,PE,15,testing,0.177368412731958,0.175278852583832,0.171456942135874,0.220398199396911,0.203385990985938
