,variable,time,type,JM_value,JM_value-slope,JM_cumulative,cox-Landmark,cox-Postsurgical
1,AUC,12,training,0.8347444164346,0.847788822635995,0.856476631524431,0.727746844570478,0.826901884677143
2,AUC,12,testing,0.760456377164695,0.767900258106523,0.793909938137954,0.558347761963347,0.63925484830903
3,AUC,15,training,0.793890969213035,0.773237598815366,0.771323743104975,0.657363901765042,0.790897699049063
4,AUC,15,testing,0.783089520496949,0.798707109713678,0.793761283432369,0.553090053737575,0.660471956928185
5,PE,12,training,0.121173670782393,0.10837899398106,0.109838882669791,0.116502799481611,0.0856050262788681
6,PE,12,testing,0.134499360327298,0.145279793437436,0.132616649447785,0.222145954574707,0.152501570700117
7,PE,15,training,0.171548694531326,0.1648713686703,0.161873882662188,0.160543082996322,0.134030901897171
8,PE,15,testing,0.173209083484068,0.169994812094518,0.165716398103454,0.225599693349289,0.184186168317406
