,variable,time,type,JM_value,JM_value-slope,JM_cumulative,cox-Landmark,cox-Postsurgical
1,AUC,12,training,0.885476105759739,0.857392118752124,0.896330669270037,0.733888493682563,0.782558441218379
2,AUC,12,testing,0.844514722297708,0.827162182337995,0.889228585605415,0.70305025342786,0.730493694306268
3,AUC,15,training,0.803411806701625,0.825039801227867,0.833364203112295,0.679598557784321,0.689695181577411
4,AUC,15,testing,0.77349237757288,0.770980780671312,0.831196376251711,0.642033105935238,0.666496517548735
5,PE,12,training,0.127223111437407,0.123748649701577,0.114648839343803,0.111369388002396,0.189054282396979
6,PE,12,testing,0.141973856021126,0.133642972127585,0.123885408826824,0.140904238330747,0.162128500968395
7,PE,15,training,0.165591196825347,0.162142342879644,0.149712632426101,0.135743976124353,0.224582272343799
8,PE,15,testing,0.181794972725686,0.173104135632154,0.15695711049362,0.161911911442949,0.196534160691551
