,variable,time,type,JM_value,JM_value-slope,JM_cumulative,cox-Landmark,cox-Postsurgical
1,AUC,12,training,0.886227617878962,0.856728612478109,0.896629684833855,0.733752981593877,0.747425047756685
2,AUC,12,testing,0.846108079629891,0.825806607658277,0.889665910729001,0.703287851084382,0.711712160009637
3,AUC,15,training,0.803917571539681,0.818451131393387,0.832750155203686,0.679546388857256,0.676178197379997
4,AUC,15,testing,0.773372581259984,0.766829571838632,0.832620623751679,0.64268859944425,0.649328549985252
5,PE,12,training,0.127139160405549,0.124013439446841,0.114483029364284,0.11138883779461,0.112556264077832
6,PE,12,testing,0.142126282428906,0.135953007436433,0.124316781973896,0.142905418936873,0.145703138573466
7,PE,15,training,0.166127920601008,0.162006866117234,0.14914500703797,0.135765400406572,0.155262071608631
8,PE,15,testing,0.181942022257148,0.173908559382163,0.156831067908096,0.161934099824992,0.183070058152807
